<?xml version="1.0" encoding="UTF-8"?>
<!DOCTYPE generatorConfiguration
        PUBLIC "-//mybatis.org//DTD MyBatis Generator Configuration 1.0//EN"
        "http://mybatis.org/dtd/mybatis-generator-config_1_0.dtd">
        
<generatorConfiguration>
 <classPathEntry location="g:/mavenResitory/mysql/mysql-connector-java/8.0.22/mysql-connector-java-8.0.22.jar"/>
	<context id="DB2Tables" targetRuntime="MyBatis3">

        <!-- 自定义的注释规则，继承 DefaultCommentGenerator 重写 一些方法 -->
        <commentGenerator >
        	<property name="javaFileEncoding" value="UTF-8"/>
            <!-- 是否去除自动生成日期的注释 true：是 ： false:否 -->
            <property name="suppressDate" value="true"/>
            <!-- 是否去除所有自动生成的注释 true：是 ： false:否 -->
            <property name="suppressAllComments" value="true"/>
        </commentGenerator>
        
        <jdbcConnection driverClass="com.mysql.cj.jdbc.Driver" connectionURL="jdbc:mysql://192.168.101.29:3306/reportdata?characterEncoding=utf-8&amp;useSSL=false&amp;serverTimezone=GMT%2B8"
                        userId="reportData"
                        password="88888888">
        </jdbcConnection>
        <javaTypeResolver>
      <property name="forceBigDecimals" value="false"/>
    </javaTypeResolver>
    <!--生成entity类存放位置-->
     <javaModelGenerator targetPackage="com.example.demo.db" targetProject="C:\Users\a\Desktop\GUGW\09JavaCode\01JAVAStudy\OtherProjects\FileServerApp\src\main\java">
      <property name="enableSubPackages" value="true"/>
      <property name="trimStrings" value="true"/>
    </javaModelGenerator>
    <!--生成映射文件存放位置-->
         <sqlMapGenerator targetPackage="com.example.demo.db" targetProject="C:\Users\a\Desktop\GUGW\09JavaCode\01JAVAStudy\OtherProjects\FileServerApp\src\main\java">
      <property name="enableSubPackages" value="true"/>
    </sqlMapGenerator>
    <!--生成Dao类存放位置-->
      <javaClientGenerator type="ANNOTATEDMAPPER" targetPackage="com.example.demo.db"
                         targetProject="C:\Users\a\Desktop\GUGW\09JavaCode\01JAVAStudy\OtherProjects\FileServerApp\src\main\java">
      <property name="enableSubPackages" value="true"/>
    </javaClientGenerator>
 
     <table schema="reportdata" tableName="staordvolbyid" domainObjectName="orderReqSpeedBean"
    enableCountByExample="true" 
    enableUpdateByExample="true" 
    enableDeleteByExample="true" 
    enableSelectByExample="true" 
    selectByExampleQueryId="true"
    />
	</context>

</generatorConfiguration>